,LowOrder,Periodic,PeriodicSum,AllInOne
ModelLowOrder,1.0662951310505542,39.46443020847493,20.676583214182404,8.034219779869495
Model Periodic,11.770012761998213,1.2130767585202074,20.19238942230697,23.16496584078102
Model Periodic Sum,3.1821699440440967,2.3009824988197876,1.6339100540206855,8.210753196501237
Model All In One,0.6970670973281153,1.8337774024455142,2.9534425778840228,1.199774355350052
Linear Interpolation,2.0196002332314533,12.729905908243062,7.851250894740408,3.9051872244672943
Polynomial3 Interpolation,15.042712762094622,16.527655236126865,19.632319209120183,11.707469813962186
