,LowOrder,Periodic,PeriodicSum,AllInOne
ModelLowOrder,0.13135187338760568,5.226031760185143,2.871399425688776,1.074525724534021
Model Periodic,1.3997992653881786,0.2517959499561744,2.82280030173077,2.83738543492847
Model Periodic Sum,0.28407782292015754,0.3473700395359681,0.25924944925011006,0.33473897010938736
Model All In One,0.10306577064563045,0.31436639027638763,0.3812050402185847,0.18323930029628735
Linear Interpolation,0.3124863530249941,1.998791466446713,1.187854537947283,0.5657799020784465
Polynomial3 Interpolation,1.3971357834441311,1.7466954893565678,2.008096970698385,1.1253742600270642
