,LowOrder,Periodic,PeriodicSum,AllInOne
ModelLowOrder,0.13978453711884126,1.4092850360933422,1.9202615008291293,2.284489996583229
Model Periodic,3.6594781010496678,0.09393118190779882,2.66298499141862,51.91270214936767
Model Periodic Sum,0.974374330129487,0.12561470471020308,0.1444812499471762,1.2448888790335435
Model All In One,0.09289616757395165,0.11085799267317821,0.18637995941635832,0.7938665841196605
Wavelet,0.1307147175770619,0.2646872468843266,0.41495385578448823,0.23305469966158693
Fourier,0.1968425374878699,0.18503834987468515,0.20347592724709393,0.2969037818874183
Sliding_Window,0.46506421760641475,2.886359168809906,4.619164555513375,4.642008338099811
