,LowOrder,Periodic,PeriodicSum,AllInOne
ModelLowOrder,1.8290225440420738,9.849109798551396,25.49423572429047,25.77554909165687
Model Periodic,30.120721719494178,0.4299929031129652,28.246010425540813,453.6259724979447
Model Periodic Sum,20.188664396597115,0.5581030391063075,0.6706302049700426,256.8883162711951
Model All In One,0.7530579180528014,0.5467734416175523,0.8776718392128773,4.360888525808216
Wavelet,1.2361479207834567,1.3614037849757326,1.500699719039594,1.4715783661268391
Fourier,5.108063095160801,1.9840135217232642,2.227936066828131,11.154977732343479
Sliding_Window,5.635982638349902,5.119043324423126,11.637291973511571,13.017638937399779
